{"spot_diameter_fullres": 89.56665687930325, "tissue_hires_scalef": 0.150015, "fiducial_diameter_fullres": 144.6845995742591, "tissue_lowres_scalef": 0.045004502}